{"cameraMode":{"drawMode":0,"name":"Shaded","section":"Shading Mode"},"sceneLighting":false,"audioPlay":false,"sceneViewState":{"m_AlwaysRefresh":false,"showFog":true,"showSkybox":false,"showFlares":true,"showImageEffects":true,"showParticleSystems":true,"showVisualEffectGraphs":true,"m_FxEnabled":true},"in2DMode":false,"pivot":{"x":0.08812212944030762,"y":2.439432144165039,"z":-0.04887580871582031},"rotation":{"x":-0.09914583712816239,"y":0.0035794128198176624,"z":-0.00035652873339131474,"w":-0.9950667023658752},"size":3.4524192810058595,"orthographic":false}